"Position","Product Name"
1,"Estuche de transporte modelo 9142-4 para pozos de metrología de campo"
2,"Estuche de transporte protector rígido Fluke C290 para Fluke 190-series II"
3,"Estuche flexible de transporte C150 de Fluke"
4,"Estuche flexible Fluke C1730"
5,"Estuche flexible grande C25 para multímetros digitales"
6,"Estuche flexible modular de 3 compartimentos Fluke CNX™ C3003"
7,"Estuche flexible para transporte C345"
8,"Estuche Fluke C190"
9,"Estuche modular de alta calidad para herramientas Fluke CNX™ C3000"
10,"Estuche modular pequeño Fluke CNX™ C3001"
11,"Estuche para medidor Fluke C50"
12,"Estuche rígido de espuma EVA Fluke C11XT para protección de instrumentos"
13,"Estuche rígido de espuma EVA Fluke C37XT para protección de instrumentos"
14,"Estuche rígido de transporte Fluke C120"
15,"Estuche rígido Fluke VT04"
16,"Fluke 190HPS"
17,"Funda protectora con correa magnética Fluke H80M"
18,"H5 Funda para comprobador eléctrico (Fluke T3/T5)"
19,"Maletín de gran resistencia CXT280"
20,"Maletín de transporte, software FlukeView y cable de interfaz USB aislado ópticamente, modelo SCC190"
21,"Maletín rígido C101"
22,"Maletín rígido CXT1000"
23,"Mochila organizadora de instrumentos Fluke TB25 de 19,7 l"
24,"Mochila para instrumentos Fluke Pack30 Professional"
25,"Mochila para instrumentos Fluke Pack30 Professional"
26,"Multímetro digital CAT III Fluke 283 FC 1500 V"
27,"Registrador monofásico de calidad de la tensión Fluke VR1710"
28,"Registrador trifásico básico de calidad eléctrica Fluke 1760"
29,"Registrador trifásico básico de calidad eléctrica Fluke 1760TR"
30,"Registrador trifásico de calidad eléctrica Fluke 1760"
31,"Registrador trifásico de calidad eléctrica Fluke 1760TR"
32,"Registradores de energía eléctrica trifásicos 1732 y 1734 de Fluke"
33,"Registradores trifásicos de calidad eléctrica 1736 y 1738 de Fluke"
34,"Registradores trifásicos de calidad eléctrica 1742, 1746 y 1748 de Fluke"
35,"Ventana para medidas eléctricas Fluke PQ400"
